<?xml version="1.0" encoding="UTF-8" ?>
<module>
    <name>waufbankpayment</name>
    <displayName><![CDATA[Pago por Transferencia o Pago M&oacute;vil]]></displayName>
    <version><![CDATA[1.0.3]]></version>
    <description><![CDATA[Permite pagar mediante transferencia o pago m&oacute;vil y subir soporte.]]></description>
    <author><![CDATA[Wauf]]></author>
    <tab><![CDATA[payments_gateways]]></tab>
    <is_configurable>0</is_configurable>
    <need_instance>0</need_instance>
	<limited_countries></limited_countries>
</module>